City_ID,City,Country,Date,Lat,Lng,Max Temp,Humidity,Cloudiness,Wind Speed
0,Fortuna,US,2022-08-05 03:04:54,40.5982,-124.1573,65.91,80,0,6.91
1,Cabittaogan,PH,2022-08-05 03:04:54,17.5828,120.3656,85.21,71,100,8.23
2,Punta Umbria,ES,2022-08-05 03:04:55,37.1821,-6.9661,69.24,76,0,3.74
3,Ahipara,NZ,2022-08-05 03:04:55,-35.1667,173.1667,61.56,59,14,2.51
4,Mahebourg,MU,2022-08-05 03:04:56,-20.4081,57.7,70.09,68,40,11.5
5,Kahului,US,2022-08-05 03:04:56,20.8947,-156.47,84.22,61,100,12.66
6,Sumy,UA,2022-08-05 03:04:56,50.9216,34.8003,61.63,95,16,6.55
7,Punta Arenas,CL,2022-08-05 03:02:31,-53.15,-70.9167,37.11,86,100,7.43
8,Deputatskiy,RU,2022-08-05 03:04:57,69.3,139.9,54.3,44,65,2.68
9,Bara,NG,2022-08-05 03:04:57,10.3744,10.7288,71.33,82,67,4.52
10,Albany,US,2022-08-05 03:01:32,42.6001,-73.9662,72.01,94,99,2.95
11,Tommot,RU,2022-08-05 03:04:58,58.9564,126.2925,66.25,96,100,6.2
12,Kavieng,PG,2022-08-05 03:04:58,-2.5744,150.7967,83.91,72,100,8.99
13,Kodiak,US,2022-08-05 03:04:58,57.79,-152.4072,58.51,77,100,10.36
14,Lebu,CL,2022-08-05 03:01:33,-37.6167,-73.65,47.46,85,100,9.62
15,Alice Springs,AU,2022-08-05 03:03:02,-23.7,133.8833,69.22,32,0,9.22
16,Port Alfred,ZA,2022-08-05 03:04:59,-33.5906,26.891,55.18,92,100,4.72
17,Rikitea,PF,2022-08-05 03:04:59,-23.1203,-134.9692,70.61,72,90,22.7
18,Bethel,US,2022-08-05 03:05:00,41.3712,-73.414,79.75,85,0,3.44
19,Srednekolymsk,RU,2022-08-05 03:05:00,67.45,153.6833,58.51,39,53,6.33
20,Ushuaia,AR,2022-08-05 03:04:10,-54.8,-68.3,37.06,81,100,2.3
21,Torrijos,ES,2022-08-05 03:05:00,39.9819,-4.2835,72.1,31,0,1.95
22,Ahuimanu,US,2022-08-05 03:05:01,21.4447,-157.8378,83.91,73,40,10.36
23,Swindon,GB,2022-08-05 03:05:01,51.558,-1.7812,56.68,72,75,5.75
24,Beyneu,KZ,2022-08-05 03:05:02,45.3167,55.2,83.25,35,9,7.61
25,Tiksi,RU,2022-08-05 03:05:02,71.6872,128.8694,47.26,75,50,6.2
26,Cidreira,BR,2022-08-05 03:05:02,-30.1811,-50.2056,58.03,88,89,20.51
27,Williams Lake,CA,2022-08-05 03:00:22,52.1415,-122.1445,55.06,87,75,8.05
28,Meulaboh,ID,2022-08-05 03:05:03,4.1363,96.1285,81.43,61,93,2.59
29,New Norfolk,AU,2022-08-05 03:05:03,-42.7826,147.0587,53.92,74,100,1.01
30,Longyearbyen,SJ,2022-08-05 03:05:04,78.2186,15.6401,48.04,93,75,5.75
31,Baillif,GP,2022-08-05 03:05:04,16.0202,-61.7463,77.65,73,90,12.62
32,La Plata,AR,2022-08-05 03:05:04,-34.9215,-57.9545,44.82,62,34,4.92
33,Jamestown,US,2022-08-05 03:03:10,42.097,-79.2353,74.17,69,0,5.75
34,Chunskiy,RU,2022-08-05 03:05:05,56.0815,99.6342,49.64,96,100,9.35
35,Comodoro Rivadavia,AR,2022-08-05 03:03:24,-45.8667,-67.5,44.46,61,100,16.11
36,Saint-Philippe,RE,2022-08-05 03:05:05,-21.3585,55.7679,65.21,74,35,12.5
37,Vila Franca Do Campo,PT,2022-08-05 03:05:06,37.7167,-25.4333,73.81,94,28,4.29
38,Inverell,AU,2022-08-05 03:05:06,-29.7833,151.1167,59.67,95,100,8.99
39,Busselton,AU,2022-08-05 03:05:06,-33.65,115.3333,54.99,67,100,4.88
40,Nara,JP,2022-08-05 03:02:01,34.6851,135.8049,83.5,59,59,4.61
41,Atuona,PF,2022-08-05 03:05:07,-9.8,-139.0333,77.04,79,6,17.52
42,Sao Joao Da Barra,BR,2022-08-05 03:04:12,-21.6403,-41.0511,70.81,85,97,18.81
43,Bambous Virieux,MU,2022-08-05 03:05:07,-20.3428,57.7575,70.05,68,40,11.5
44,Lodja,CD,2022-08-05 03:05:08,-3.4833,23.4333,68.9,48,8,1.01
45,Castro,BR,2022-08-05 03:05:08,-24.7911,-50.0119,65.88,53,98,7.25
46,Lorengau,PG,2022-08-05 03:01:18,-2.0226,147.2712,85.19,69,75,9.31
47,Bluff,NZ,2022-08-05 03:05:09,-46.6,168.3333,57.79,60,100,20.04
48,Phalaborwa,ZA,2022-08-05 03:06:09,-23.943,31.1411,63.37,56,0,3.2
49,Tuktoyaktuk,CA,2022-08-05 03:06:09,69.4541,-133.0374,60.75,62,38,4.76
50,Port Augusta,AU,2022-08-05 03:02:39,-32.5,137.7667,59.65,51,90,21.56
51,Faanui,PF,2022-08-05 03:06:10,-16.4833,-151.75,77.9,77,17,23.31
52,Adrar,MR,2022-08-05 03:02:20,20.5022,-10.0711,88.05,39,21,9.01
53,Salalah,OM,2022-08-05 03:02:45,17.0151,54.0924,77.77,92,86,4.03
54,Pacific Grove,US,2022-08-05 03:06:11,36.6177,-121.9166,67.24,85,75,5.75
55,Kapaa,US,2022-08-05 03:06:11,22.0752,-159.319,82.72,70,0,10.36
56,Namatanai,PG,2022-08-05 03:06:11,-3.6667,152.4333,84.42,67,100,4.99
57,Laguna,US,2022-08-05 03:02:54,38.421,-121.4238,89.15,45,0,12.66
58,Khatanga,RU,2022-08-05 03:06:12,71.9667,102.5,58.28,66,100,4.27
59,Hermanus,ZA,2022-08-05 03:06:12,-34.4187,19.2345,53.13,77,23,7.63
60,Oum Hadjer,TD,2022-08-05 03:06:13,13.2954,19.6966,74.41,80,100,5.57
61,Inhambane,MZ,2022-08-05 03:06:13,-23.865,35.3833,63.91,90,3,6.29
62,Bogorodskoye,RU,2022-08-05 03:06:13,56.55,37.8833,68.27,66,94,3.31
63,Khani,GE,2022-08-05 03:06:14,41.9563,42.9566,65.77,92,25,3.42
64,Qaanaaq,GL,2022-08-05 03:06:14,77.484,-69.3632,41.22,58,0,4.97
65,Coahuayana,MX,2022-08-05 03:06:15,18.7333,-103.6833,79.05,90,72,0.94
66,Arraial Do Cabo,BR,2022-08-05 03:06:15,-22.9661,-42.0278,71.04,85,72,24.09
67,Chuy,UY,2022-08-05 03:06:15,-33.6971,-53.4616,50.07,91,100,12.95
68,Saint George,US,2022-08-05 03:04:04,37.1041,-113.5841,81.19,67,20,14.0
69,Vaini,TO,2022-08-05 03:06:16,-21.2,-175.2,78.96,89,75,9.22
70,Hay River,CA,2022-08-05 03:04:59,60.8156,-115.7999,54.66,59,20,3.71
71,Kuruman,ZA,2022-08-05 03:06:16,-27.4524,23.4325,49.66,67,0,4.72
72,Beloha,MG,2022-08-05 03:06:17,-25.1667,45.05,64.58,85,30,4.94
73,Kerman,IR,2022-08-05 03:06:17,30.2832,57.0788,77.54,19,0,4.74
74,Juneau,US,2022-08-05 03:06:17,58.3019,-134.4197,64.85,93,20,5.75
75,Mataura,NZ,2022-08-05 03:06:18,-46.1927,168.8643,57.47,61,100,8.37
76,Anadyr,RU,2022-08-05 03:06:18,64.75,177.4833,55.9,93,100,17.9
77,Ferndale,US,2022-08-05 03:06:19,42.4606,-83.1347,76.84,92,100,13.8
78,Olafsvik,IS,2022-08-05 03:06:19,64.8945,-23.7142,49.15,69,100,5.48
79,Butaritari,KI,2022-08-05 03:06:20,3.0707,172.7902,81.75,75,26,10.76
80,Esperance,AU,2022-08-05 03:06:20,-33.8667,121.9,53.44,66,90,15.55
81,Cape Town,ZA,2022-08-05 03:02:06,-33.9258,18.4232,55.11,85,57,4.0
82,Mount Gambier,AU,2022-08-05 03:06:21,-37.8333,140.7667,57.11,77,40,14.97
83,Kinshasa,CD,2022-08-05 03:06:21,-4.3246,15.3215,72.32,67,5,3.65
84,Hithadhoo,MV,2022-08-05 03:06:21,-0.6,73.0833,81.41,66,95,9.64
85,Cedar Park,US,2022-08-05 03:04:44,30.5052,-97.8203,92.43,49,0,11.99
86,Iracoubo,GF,2022-08-05 03:06:22,5.4802,-53.2011,78.37,83,59,8.93
87,Heihe,CN,2022-08-05 03:06:22,50.2441,127.4902,72.18,93,100,18.88
88,Port Elizabeth,ZA,2022-08-05 03:06:23,-33.918,25.5701,55.33,85,81,4.68
89,Kishni,IN,2022-08-05 03:06:23,27.0247,79.2634,87.13,66,72,8.84
90,Klaksvik,FO,2022-08-05 03:06:23,62.2266,-6.589,47.32,85,100,20.15
91,Tanout,NE,2022-08-05 03:06:24,14.9709,8.8879,81.09,57,30,8.25
92,Daru,PG,2022-08-05 03:06:24,-9.0763,143.2092,80.73,87,36,15.03
93,Bredasdorp,ZA,2022-08-05 03:06:25,-34.5322,20.0403,47.46,86,36,4.92
94,Carnarvon,AU,2022-08-05 03:06:25,-24.8667,113.6333,64.04,45,0,12.88
95,Hilo,US,2022-08-05 03:07:26,19.7297,-155.09,82.27,81,20,9.22
96,Huarmey,PE,2022-08-05 03:07:26,-10.0681,-78.1522,62.01,86,64,9.51
97,Barrow,US,2022-08-05 03:03:30,71.2906,-156.7887,51.82,82,40,8.05
98,San Policarpo,PH,2022-08-05 03:07:26,12.1791,125.5072,79.57,84,100,4.74
99,Port Lincoln,AU,2022-08-05 03:07:27,-34.7333,135.8667,56.89,69,7,22.79
100,East London,ZA,2022-08-05 03:07:27,-33.0153,27.9116,62.22,77,100,1.5
101,Ponta Do Sol,PT,2022-08-05 03:07:28,32.6667,-17.1,72.23,79,18,7.29
102,Scarborough,GB,2022-08-05 03:05:51,54.2797,-0.4044,53.17,77,100,3.0
103,Narsaq,GL,2022-08-05 03:03:13,60.9167,-46.05,46.62,86,100,1.88
104,Shahrud,IR,2022-08-05 03:07:28,36.4182,54.9763,73.76,42,0,7.2
105,Puerto Ayora,EC,2022-08-05 03:02:58,-0.7393,-90.3518,66.54,88,36,1.01
106,Provideniya,RU,2022-08-05 03:07:28,64.3833,-173.3,46.51,100,100,8.95
107,Seymchan,RU,2022-08-05 03:07:29,62.8833,152.4333,54.01,86,100,7.45
108,Boyolangu,ID,2022-08-05 03:07:29,-8.1181,111.8935,80.31,68,12,7.0
109,Divinopolis,BR,2022-08-05 03:07:30,-20.1389,-44.8839,66.38,45,98,1.39
110,Saskylakh,RU,2022-08-05 03:07:31,71.9167,114.0833,61.57,54,93,8.81
111,Moree,AU,2022-08-05 03:06:39,-29.4667,149.85,59.02,94,100,17.27
112,Novyy Urengoy,RU,2022-08-05 03:07:31,66.0833,76.6333,65.86,62,47,12.17
113,Council Bluffs,US,2022-08-05 03:05:11,41.2619,-95.8608,81.52,63,40,8.05
114,Petropavlovsk-Kamchatskiy,RU,2022-08-05 03:07:32,53.0452,158.6483,73.99,53,0,4.47
115,Kaitangata,NZ,2022-08-05 03:02:33,-46.2817,169.8464,55.8,61,100,8.23
116,Minggang,CN,2022-08-05 03:07:32,32.4586,114.0486,93.92,57,0,11.07
117,Qostanay,KZ,2022-08-05 03:07:33,53.1667,63.5833,68.29,60,0,6.71
118,Lubango,AO,2022-08-05 03:06:16,-14.9172,13.4925,59.16,32,0,4.63
119,Hobart,AU,2022-08-05 03:07:33,-42.8794,147.3294,53.46,82,75,12.66
120,Pevek,RU,2022-08-05 03:07:34,69.7008,170.3133,37.98,89,100,6.46
121,Sola,VU,2022-08-05 03:07:34,-13.8833,167.55,80.64,77,10,17.16
122,Sorland,NO,2022-08-05 03:07:34,67.667,12.6934,51.66,83,100,19.15
123,Margate,GB,2022-08-05 03:07:35,51.3813,1.3862,63.3,84,56,4.0
124,Airai,TL,2022-08-05 03:07:35,-8.9266,125.4092,74.53,47,78,2.59
125,Yellowknife,CA,2022-08-05 03:07:35,62.456,-114.3525,61.32,67,75,3.44
126,Chernushka,RU,2022-08-05 03:07:36,56.5072,56.0766,65.75,68,3,1.66
127,Plymouth,US,2022-08-05 03:04:52,41.8334,-70.8328,79.07,85,0,6.91
128,Durban,ZA,2022-08-05 03:04:10,-29.8579,31.0292,63.01,81,14,3.0
129,Puerto Escondido,MX,2022-08-05 03:07:36,15.85,-97.0667,79.63,69,75,5.75
130,Yerbogachen,RU,2022-08-05 03:07:37,61.2767,108.0108,58.57,81,100,5.61
131,Tasiilaq,GL,2022-08-05 03:07:37,65.6145,-37.6368,41.16,83,100,2.53
132,Komsomolskiy,UZ,2022-08-05 03:07:37,40.4272,71.7189,85.06,24,0,4.16
133,Thompson,CA,2022-08-05 03:04:36,55.7435,-97.8558,57.69,48,100,5.59
134,Severo-Kurilsk,RU,2022-08-05 03:07:38,50.6789,156.125,57.36,81,12,7.63
135,Dauphin,CA,2022-08-05 03:07:38,51.1494,-100.0502,70.32,74,83,9.98
136,Den Chai,TH,2022-08-05 03:07:38,17.9837,100.0522,84.06,76,100,2.93
137,Shimoda,JP,2022-08-05 03:07:39,34.6667,138.95,79.57,79,100,11.01
138,Usinsk,RU,2022-08-05 03:07:39,65.9939,57.5281,63.79,55,89,12.95
139,Colomi,BO,2022-08-05 03:07:40,-17.35,-65.8667,48.22,88,55,5.5
140,Linhares,BR,2022-08-05 03:08:02,-19.3911,-40.0722,64.49,89,67,3.94
141,Veraval,IN,2022-08-05 03:08:40,20.9,70.3667,80.85,84,100,6.31
142,Ratekau,DE,2022-08-05 03:08:41,53.95,10.7333,65.01,94,75,4.61
143,Uthal,PK,2022-08-05 03:08:41,25.8072,66.6219,82.9,84,50,3.62
144,Makakilo City,US,2022-08-05 03:06:35,21.3469,-158.0858,82.72,67,100,10.36
145,Ilulissat,GL,2022-08-05 03:08:40,69.2167,-51.1,46.42,81,100,9.22
146,Plouzane,FR,2022-08-05 03:08:42,48.3833,-4.6167,57.25,82,20,12.66
147,Emerald,AU,2022-08-05 03:08:42,-23.5333,148.1667,81.34,51,0,11.95
148,Kruisfontein,ZA,2022-08-05 03:08:42,-34.0033,24.7314,49.53,86,74,3.09
149,Dinan,FR,2022-08-05 03:08:43,48.4167,-2.25,60.46,80,0,10.36
150,Half Moon Bay,US,2022-08-05 03:08:43,37.4636,-122.4286,73.54,79,100,14.97
151,Paamiut,GL,2022-08-05 03:08:43,61.994,-49.6678,46.11,85,100,17.11
152,Buala,SB,2022-08-05 03:08:44,-8.145,159.5921,86.05,59,13,7.31
153,Tsiroanomandidy,MG,2022-08-05 03:08:44,-18.7667,46.0333,54.45,73,1,1.81
154,Nuoro,IT,2022-08-05 03:08:45,40.3211,9.3297,69.76,59,0,2.17
155,Damietta,EG,2022-08-05 03:08:45,31.4165,31.8133,77.85,77,0,7.81
156,Sao Filipe,CV,2022-08-05 03:08:45,14.8961,-24.4956,76.12,83,71,5.41
157,Ust-Maya,RU,2022-08-05 03:08:46,60.4167,134.5333,78.44,46,55,11.34
158,Cherskiy,RU,2022-08-05 03:08:46,68.75,161.3,50.76,58,100,13.69
159,Souillac,MU,2022-08-05 03:08:46,-20.5167,57.5167,70.18,68,40,11.5
160,Djibo,BF,2022-08-05 03:08:47,14.1022,-1.6306,74.34,79,100,11.1
161,Goure,NE,2022-08-05 03:08:47,13.9835,10.2704,78.03,63,66,9.04
162,Constitucion,CL,2022-08-05 03:08:47,-35.3333,-72.4167,49.84,84,100,5.35
163,Madang,PG,2022-08-05 03:08:48,-5.2246,145.7966,85.51,66,100,7.67
164,Salym,RU,2022-08-05 03:08:48,60.0625,71.4789,69.85,51,11,4.83
165,Tuatapere,NZ,2022-08-05 03:08:49,-46.1333,167.6833,54.99,73,100,15.26
166,Araouane,ML,2022-08-05 03:08:49,18.9048,-3.5265,93.25,34,10,11.68
167,Havre-Saint-Pierre,CA,2022-08-05 03:08:49,50.2334,-63.5986,59.25,99,100,5.1
168,Oktyabrskoye,RU,2022-08-05 03:08:49,43.0645,44.7417,60.94,94,0,6.71
169,Tessalit,ML,2022-08-05 03:08:50,20.1986,1.0114,90.16,29,1,13.71
170,Sept-Iles,CA,2022-08-05 03:04:02,50.2001,-66.3821,61.32,97,100,3.44
171,Pishin,PK,2022-08-05 03:08:50,30.5803,66.9961,79.92,47,0,2.64
172,San Patricio,US,2022-08-05 03:08:51,28.017,-97.5169,85.89,73,4,14.5
173,Gimli,CA,2022-08-05 03:08:51,50.6336,-96.9907,68.16,75,15,12.3
174,Ferrol,ES,2022-08-05 03:08:51,43.4832,-8.2369,64.67,79,100,17.76
175,Dunedin,NZ,2022-08-05 03:08:51,-45.8742,170.5036,61.81,36,100,11.01
176,Turukhansk,RU,2022-08-05 03:08:52,65.8167,87.9833,66.36,48,60,3.13
177,Port Blair,IN,2022-08-05 03:08:52,11.6667,92.75,83.05,78,100,21.05
178,Camacha,PT,2022-08-05 03:08:53,33.0833,-16.3333,67.42,83,75,9.22
179,Bosaso,SO,2022-08-05 03:08:53,11.2842,49.1816,87.39,44,38,20.49
180,Baker City,US,2022-08-05 03:04:08,44.7749,-117.8344,78.19,34,0,12.66
181,Chemal,RU,2022-08-05 03:08:53,51.4111,86.005,64.63,57,66,3.38
182,Tecoanapa,MX,2022-08-05 03:08:54,16.5167,-98.75,79.7,81,37,1.74
183,High Level,CA,2022-08-05 03:08:54,58.5169,-117.136,61.74,57,100,6.35
184,Nome,US,2022-08-05 03:08:55,64.5011,-165.4064,53.67,82,100,10.36
185,Ambon,ID,2022-08-05 03:08:55,-3.6954,128.1814,77.14,94,75,3.44
186,Kandrian,PG,2022-08-05 03:08:55,-6.2167,149.55,84.2,71,100,9.53
187,Santa Maria,BR,2022-08-05 03:09:56,-29.6842,-53.8069,54.05,93,100,7.54
188,Dikson,RU,2022-08-05 03:09:56,73.5069,80.5464,41.72,100,100,10.29
189,Paracuru,BR,2022-08-05 03:09:57,-3.41,-39.0306,76.1,86,5,9.64
190,Faya,SA,2022-08-05 03:09:57,18.3851,42.4509,59.52,74,94,2.24
191,Gasa,PS,2022-08-05 03:09:58,31.5,34.4667,76.87,80,16,4.9
192,Buzmeyin,TM,2022-08-05 03:09:58,38.0507,58.2056,90.1,18,2,2.57
193,Nikolskoye,RU,2022-08-05 03:09:58,59.7035,30.7861,64.8,70,15,4.32
194,Shache,CN,2022-08-05 03:09:59,38.4167,77.2406,77.92,47,100,3.2
195,Paita,PE,2022-08-05 03:09:59,-5.0892,-81.1144,62.94,85,14,11.36
196,Noumea,NC,2022-08-05 03:09:59,-22.2763,166.4572,81.0,99,54,13.65
197,Hamilton,US,2022-08-05 03:10:00,39.1834,-84.5333,74.25,93,75,5.75
198,Ouadda,CF,2022-08-05 03:10:00,8.0777,22.4007,65.55,99,96,1.41
199,Isangel,VU,2022-08-05 03:10:01,-19.55,169.2667,80.13,72,9,5.86
200,Bengkulu,ID,2022-08-05 03:10:01,-3.8004,102.2655,81.37,69,99,1.59
201,Camana,PE,2022-08-05 03:10:01,-16.6228,-72.7111,59.99,85,67,6.62
202,Avarua,CK,2022-08-05 03:10:02,-21.2078,-159.775,77.05,73,20,21.85
203,Atambua,ID,2022-08-05 03:10:03,-9.1061,124.8925,81.86,57,47,3.06
204,Fairbanks,US,2022-08-05 03:08:22,64.8378,-147.7164,66.22,75,100,16.11
205,Santa Clara,CU,2022-08-05 03:10:03,22.4,-79.9667,76.66,94,20,5.75
206,Safford,US,2022-08-05 03:10:04,32.834,-109.7076,83.32,65,0,3.44
207,Takoradi,GH,2022-08-05 03:10:04,4.8845,-1.7554,71.69,84,98,6.49
208,Manica,FR,2022-08-05 03:10:04,49.0,-1.1667,49.62,93,0,3.78
209,Buraydah,SA,2022-08-05 03:10:05,26.326,43.975,95.52,22,77,5.21
210,Cabo San Lucas,MX,2022-08-05 03:08:44,22.8909,-109.9124,87.1,72,48,1.99
211,Ustyuzhna,RU,2022-08-05 03:10:05,58.8394,36.4321,63.64,77,6,2.75
212,Teguldet,RU,2022-08-05 03:10:06,57.3064,88.1667,61.43,50,54,7.05
213,Husavik,IS,2022-08-05 03:10:07,66.0449,-17.3389,42.8,83,30,8.7
214,Sitka,US,2022-08-05 03:10:07,57.0531,-135.33,60.69,77,100,3.44
215,Kyren,RU,2022-08-05 03:10:07,51.6828,102.1408,60.33,89,100,1.95
216,Touros,BR,2022-08-05 03:09:57,-5.1989,-35.4608,73.24,91,7,10.31
217,Georgetown,MY,2022-08-05 03:07:37,5.4112,100.3354,85.95,77,20,6.91
218,Ciudad Bolivar,VE,2022-08-05 03:10:08,8.1222,-63.5497,74.43,91,100,7.96
219,Khorixas,NA,2022-08-05 03:10:08,-20.3667,14.9667,58.75,22,1,5.08
220,Sampit,ID,2022-08-05 03:10:09,-2.5333,112.95,81.54,79,100,4.03
221,Marquette,US,2022-08-05 03:10:09,46.5333,-87.6335,58.44,86,0,2.77
222,Alofi,NU,2022-08-05 03:10:09,-19.0595,-169.9187,78.69,73,75,13.8
223,Mount Darwin,ZW,2022-08-05 03:10:10,-16.7725,31.5838,53.53,72,0,2.62
224,Shaunavon,CA,2022-08-05 03:10:10,49.6501,-108.4181,75.31,21,42,13.69
225,Mount Isa,AU,2022-08-05 03:10:11,-20.7333,139.5,87.57,33,75,18.41
226,Linhai,CN,2022-08-05 03:10:11,28.85,121.1167,96.93,42,20,2.77
227,Seelze,DE,2022-08-05 03:10:11,52.4,9.6,67.01,93,20,8.05
228,Mahibadhoo,MV,2022-08-05 03:10:12,3.7833,72.9667,81.97,74,100,19.6
229,Chernyshevskiy,RU,2022-08-05 03:10:12,63.0128,112.4714,50.27,86,100,6.15
230,Wasilla,US,2022-08-05 03:08:21,61.5814,-149.4394,65.35,88,100,5.75
231,Port Hardy,CA,2022-08-05 03:10:13,50.6996,-127.4199,58.46,79,9,12.55
232,Cockburn Town,TC,2022-08-05 03:10:13,21.4612,-71.1419,82.02,81,56,22.17
233,Along,IN,2022-08-05 03:11:14,28.1667,94.7667,81.01,89,98,0.63
234,Bowen,AU,2022-08-05 03:11:14,-20.0167,148.2333,71.28,79,26,6.33
235,Ust-Koksa,RU,2022-08-05 03:11:14,50.2696,85.6108,64.33,67,100,1.99
236,Yashkul,RU,2022-08-05 03:11:15,46.1711,45.3435,81.88,33,84,6.55
237,Bonito,BR,2022-08-05 03:11:15,-21.1211,-56.4819,68.22,80,28,9.1
238,Sioux Lookout,CA,2022-08-05 03:11:16,50.1001,-91.917,61.16,66,31,5.79
239,Tautira,PF,2022-08-05 03:11:16,-17.7333,-149.15,76.73,79,97,26.17
240,Bolhrad,UA,2022-08-05 03:11:16,45.6826,28.6149,69.71,66,66,8.84
241,Gusau,NG,2022-08-05 03:11:17,12.1628,6.6614,71.13,91,97,7.9
242,Coquimbo,CL,2022-08-05 03:10:10,-29.9533,-71.3436,51.53,87,0,4.61
243,Enshi,CN,2022-08-05 03:11:17,30.3,109.4833,89.65,63,54,0.76
244,La Ceiba,HN,2022-08-05 03:11:17,15.7597,-86.7822,76.82,83,75,0.0
245,Ajdabiya,LY,2022-08-05 03:11:18,30.7554,20.2263,76.87,48,0,9.55
246,Tulua,CO,2022-08-05 03:11:18,4.0847,-76.1954,67.17,93,100,0.25
247,Lavrentiya,RU,2022-08-05 03:11:19,65.5833,-171.0,45.84,98,100,3.36
248,Ribeira Grande,PT,2022-08-05 03:11:19,38.5167,-28.7,75.16,87,11,4.52
249,Yeppoon,AU,2022-08-05 03:06:33,-23.1333,150.7333,74.98,70,0,10.31
250,Egvekinot,RU,2022-08-05 03:11:20,66.3167,-179.1667,42.53,87,100,6.13
251,Strelka,RU,2022-08-05 03:11:20,58.0728,93.0344,47.05,94,100,9.51
252,Broken Hill,AU,2022-08-05 03:11:20,-31.95,141.4333,61.29,32,1,25.75
253,Havelock,US,2022-08-05 03:11:21,34.8791,-76.9013,82.96,88,65,8.79
254,Timiryazevskiy,RU,2022-08-05 03:11:21,56.49,84.8769,64.17,79,15,3.58
255,Nagato,JP,2022-08-05 03:11:22,34.3833,131.2,86.0,71,3,14.85
256,Goroka,PG,2022-08-05 03:11:22,-6.0834,145.3873,74.16,65,69,5.01
257,Robinson,US,2022-08-05 03:07:33,31.4677,-97.1147,93.2,39,0,9.22
258,Xinzhou,CN,2022-08-05 03:11:23,38.4092,112.7333,90.23,45,0,1.88
259,Poli,TZ,2022-08-05 03:11:23,-3.3333,36.8,52.25,95,74,3.56
260,Namibe,AO,2022-08-05 03:11:24,-15.1961,12.1522,60.78,77,0,7.02
261,Pasinler,TR,2022-08-05 03:11:24,39.9803,41.6764,56.39,67,0,2.8
262,Saint Anthony,US,2022-08-05 03:11:24,45.0205,-93.218,76.93,63,0,8.05
263,Padang,ID,2022-08-05 03:11:25,-0.9492,100.3543,82.45,72,100,0.94
264,Longhua,CN,2022-08-05 03:11:25,23.6137,114.1919,84.29,79,51,4.85
265,Richards Bay,ZA,2022-08-05 03:11:25,-28.783,32.0377,62.73,88,32,7.72
266,Vostok,RU,2022-08-05 03:11:26,46.4856,135.8833,80.96,56,100,4.03
267,Ampanihy,MG,2022-08-05 03:11:26,-24.7,44.75,65.46,79,66,5.26
268,Trelew,AR,2022-08-05 03:10:47,-43.249,-65.3051,41.22,58,3,19.08
269,Ancud,CL,2022-08-05 03:11:27,-41.8697,-73.8203,39.22,87,54,4.0
270,Osa,RU,2022-08-05 03:11:27,57.2829,55.4567,65.93,64,56,0.6
271,Kieta,PG,2022-08-05 03:11:28,-6.2167,155.6333,84.38,69,89,6.26
272,San Rafael,AR,2022-08-05 03:11:28,-34.6177,-68.3301,51.6,52,96,5.19
273,Westport,US,2022-08-05 03:11:28,41.1415,-73.3579,81.01,87,0,3.44
274,San Juan Ixcoy,GT,2022-08-05 03:11:29,15.5997,-91.4453,61.65,95,100,2.89
275,Kuching,MY,2022-08-05 03:11:29,1.55,110.3333,77.22,94,40,5.99
276,Sechura,PE,2022-08-05 03:11:29,-5.5569,-80.8222,62.98,82,18,12.28
277,Mutoko,ZW,2022-08-05 03:11:30,-17.397,32.2268,50.58,73,0,4.29
278,Juegang,CN,2022-08-05 03:12:30,32.3174,121.1855,94.91,60,1,6.93
279,Norman Wells,CA,2022-08-05 03:12:30,65.282,-126.8329,72.3,43,25,3.98
280,Ko Samui,TH,2022-08-05 03:12:31,9.5357,99.9357,83.17,72,100,14.94
281,Taltal,CL,2022-08-05 03:10:20,-25.4,-70.4833,58.23,68,18,3.69
282,Martapura,ID,2022-08-05 03:12:31,-3.4167,114.85,86.09,62,40,3.44
283,Wajima,JP,2022-08-05 03:12:32,37.4,136.9,81.46,79,32,8.39
284,Izhma,RU,2022-08-05 03:12:32,65.0083,53.9113,65.26,58,87,7.27
285,Sunbury,AU,2022-08-05 03:12:32,-37.5833,144.7333,56.91,71,75,12.66
286,Vila Velha,BR,2022-08-05 03:12:33,-20.3297,-40.2925,71.55,81,0,8.05
287,Roald,NO,2022-08-05 03:12:33,62.5833,6.1333,53.76,82,75,10.36
288,Shalinskoye,RU,2022-08-05 03:12:33,55.7228,93.7594,52.02,79,100,16.78
289,Banda Aceh,ID,2022-08-05 03:12:34,5.5577,95.3222,84.29,63,100,10.13
290,Karratha,AU,2022-08-05 03:09:11,-20.7377,116.8463,73.13,29,0,13.49
291,Wiang Sa,TH,2022-08-05 03:12:34,8.6359,99.3666,82.89,75,100,4.54
292,Itacoatiara,BR,2022-08-05 03:12:34,-3.1431,-58.4442,78.69,70,95,2.33
293,Boddam,GB,2022-08-05 03:12:35,57.4667,-1.7833,46.78,81,12,10.45
294,Praia,CV,2022-08-05 03:12:35,14.9215,-23.5087,77.54,78,20,10.36
295,Novoagansk,RU,2022-08-05 03:12:36,61.9449,76.6625,70.83,46,56,9.17
296,Roma,US,2022-08-05 03:12:07,43.2128,-75.4557,70.88,96,20,3.44
297,Amahai,ID,2022-08-05 03:12:36,-3.3333,128.9167,82.18,75,48,4.41
298,Kloulklubed,PW,2022-08-05 03:12:37,7.0419,134.2556,84.7,72,87,7.87
299,Saint-Leu,RE,2022-08-05 03:12:37,-21.15,55.2833,65.32,76,91,1.88
300,Uvira,CD,2022-08-05 03:12:37,-3.4067,29.1458,71.4,64,14,2.04
301,Zheleznodorozhnyy,RU,2022-08-05 03:12:38,55.7503,38.0042,72.21,67,15,4.07
302,Koungou,YT,2022-08-05 03:12:38,-12.7336,45.2042,71.31,83,75,2.3
303,Mar Del Plata,AR,2022-08-05 03:12:38,-38.0023,-57.5575,40.95,89,5,1.01
304,Bikaner,IN,2022-08-05 03:12:39,28.0167,73.3,88.56,59,57,4.7
305,Kijang,KR,2022-08-05 03:12:39,35.2442,129.2139,88.5,63,20,9.13
306,Gat,IL,2022-08-05 03:12:40,31.61,34.7642,79.48,100,6,3.15
307,Port Macquarie,AU,2022-08-05 03:12:40,-31.4333,152.9167,65.89,75,100,6.76
308,Quatre Cocos,MU,2022-08-05 03:12:40,-20.2078,57.7625,69.91,74,75,16.89
309,Victoria,HK,2022-08-05 03:09:57,22.2855,114.1577,87.24,85,97,11.01
310,Asyut,EG,2022-08-05 03:12:41,27.181,31.1837,82.13,41,32,8.3
311,Bereda,ES,2022-08-05 03:12:41,43.2686,-7.5406,63.41,99,100,8.57
312,Verkhoyansk,RU,2022-08-05 03:12:41,67.5447,133.385,60.13,50,100,5.95
313,Uige,AO,2022-08-05 03:12:42,-7.6087,15.0613,60.71,90,17,1.3
314,Krasnyye Baki,RU,2022-08-05 03:12:42,57.131,45.1599,67.57,76,100,1.66
315,Kuytun,RU,2022-08-05 03:12:43,54.3419,101.5036,54.95,75,92,10.58
316,Sur,OM,2022-08-05 03:12:43,22.5667,59.5289,85.08,67,53,8.12
317,Challans,FR,2022-08-05 03:12:43,46.8436,-1.8749,61.72,83,31,12.21
318,Hervey Bay,AU,2022-08-05 03:12:44,-25.2986,152.8535,69.04,79,31,13.65
319,Marsh Harbour,BS,2022-08-05 03:12:44,26.5412,-77.0636,83.07,73,67,13.51
320,Coffs Harbour,AU,2022-08-05 03:12:45,-30.3,153.1333,67.14,94,75,5.75
321,Samarai,PG,2022-08-05 03:12:45,-10.6167,150.6667,80.42,84,60,12.03
322,Kalga,RU,2022-08-05 03:12:45,50.9251,118.898,73.92,48,0,17.25
323,Malinovoye Ozero,RU,2022-08-05 03:12:46,51.6753,79.7825,68.92,41,0,10.76
324,Maracai,BR,2022-08-05 03:13:46,-22.6106,-50.6672,70.66,37,33,2.37
325,Bulgan,MN,2022-08-05 03:13:47,48.8125,103.5347,69.4,58,20,0.43
326,Leshukonskoye,RU,2022-08-05 03:13:47,64.8989,45.7622,62.8,82,98,6.96
327,Katsuura,JP,2022-08-05 03:13:47,35.1333,140.3,78.82,82,100,13.06
328,Port Moresby,PG,2022-08-05 03:13:48,-9.4431,147.1797,83.01,72,65,6.51
329,Mbandaka,CD,2022-08-05 03:13:48,0.0487,18.2603,70.38,87,93,2.73
330,College,US,2022-08-05 03:13:48,64.8569,-147.8028,66.2,77,75,16.11
331,Hasaki,JP,2022-08-05 03:13:49,35.7333,140.8333,79.2,79,100,14.79
332,Damghan,IR,2022-08-05 03:13:49,36.1683,54.348,77.47,39,3,1.95
333,Atasu,KZ,2022-08-05 03:13:49,48.6814,71.6433,68.74,40,91,17.43
334,Varzelandia,BR,2022-08-05 03:13:50,-15.7014,-44.0275,69.08,39,6,3.0
335,Oranjemund,NA,2022-08-05 03:13:50,-28.55,16.4333,51.46,87,3,7.47
336,Zhezkazgan,KZ,2022-08-05 03:13:50,47.8043,67.7144,66.18,68,0,15.66
337,Boras,SE,2022-08-05 03:13:51,57.721,12.9401,57.11,98,100,3.62
338,Nieuw Amsterdam,SR,2022-08-05 03:13:51,5.8833,-55.0833,78.03,91,88,8.57
339,Berlevag,NO,2022-08-05 03:13:52,70.8578,29.0864,55.35,82,26,4.61
340,Flin Flon,CA,2022-08-05 03:13:52,54.7682,-101.865,55.89,75,99,12.21
341,Scalea,IT,2022-08-05 03:13:53,39.813,15.7956,77.54,69,0,3.74
342,Porbandar,IN,2022-08-05 03:13:53,21.6422,69.6093,82.36,77,100,5.86
343,Hambantota,LK,2022-08-05 03:13:53,6.1241,81.1185,81.37,73,100,21.5
344,Lasa,IT,2022-08-05 03:13:54,46.6166,10.7002,65.35,88,12,1.86
345,Krasnokamsk,RU,2022-08-05 03:13:54,58.0802,55.7541,62.15,65,67,0.76
346,Jalu,LY,2022-08-05 03:13:54,29.0331,21.5482,77.83,41,0,8.68
347,Chaumont,FR,2022-08-05 03:13:55,48.1167,5.1333,65.37,85,100,1.63
348,Ekuvukeni,ZA,2022-08-05 03:13:55,-28.4675,30.1551,49.26,82,0,2.37
349,Shelburne,CA,2022-08-05 03:13:55,44.0787,-80.2041,69.76,83,100,3.13
350,Zhicheng,CN,2022-08-05 03:13:56,30.2956,111.5047,92.14,58,1,8.5
351,Upernavik,GL,2022-08-05 03:13:56,72.7868,-56.1549,42.98,97,100,14.18
352,Caledonia,US,2022-08-05 03:13:57,42.8078,-87.9242,69.82,68,0,6.91
353,Senador Jose Porfirio,BR,2022-08-05 03:13:57,-2.5908,-51.9542,75.2,84,7,3.06
354,Villamontes,BO,2022-08-05 03:13:57,-21.25,-63.5,62.73,55,100,2.75
355,Mayo,US,2022-08-05 03:13:58,38.8876,-76.5119,75.15,95,100,8.05
356,Ketchikan,US,2022-08-05 03:13:58,55.3422,-131.6461,63.07,72,75,9.22
357,Vao,NC,2022-08-05 03:13:58,-22.6667,167.4833,72.1,78,17,10.51
358,Saint-Georges,GD,2022-08-05 03:13:59,12.0564,-61.7485,80.28,83,20,9.22
359,Vitim,RU,2022-08-05 03:13:59,59.4511,112.5578,60.22,62,100,3.09
360,Nago,JP,2022-08-05 03:13:59,26.5881,127.9761,88.23,69,49,2.75
361,Aguimes,ES,2022-08-05 03:14:00,27.9054,-15.4461,68.67,78,20,31.07
362,Santa Rosa,PH,2022-08-05 03:11:34,14.3122,121.1114,82.11,88,100,3.96
363,Nanortalik,GL,2022-08-05 03:14:00,60.1432,-45.2371,44.82,88,100,6.13
364,Vardo,NO,2022-08-05 03:14:00,70.3705,31.1107,57.18,82,12,2.3
365,Powell River,CA,2022-08-05 03:10:54,49.8496,-124.5361,67.03,65,31,3.36
366,Sulangan,PH,2022-08-05 03:14:01,11.1373,123.7228,80.8,75,100,3.47
367,Quibdo,CO,2022-08-05 03:15:01,5.6947,-76.6611,73.78,99,100,2.21
368,Bria,CF,2022-08-05 03:15:01,6.5423,21.9863,67.01,99,100,2.35
369,San Matias,BO,2022-08-05 03:11:10,-16.3667,-58.4,78.03,40,43,3.09
370,Lompoc,US,2022-08-05 03:15:02,34.6391,-120.4579,76.78,83,0,6.91
371,Shimanovsk,RU,2022-08-05 03:15:02,52.0,127.7,66.47,98,100,18.7
372,Nouakchott,MR,2022-08-05 03:15:03,18.0858,-15.9785,78.73,83,100,11.41
373,Lata,PT,2022-08-05 03:15:03,40.1629,-8.3327,59.9,97,35,0.72
374,Ulladulla,AU,2022-08-05 03:12:17,-35.35,150.4667,70.7,46,0,7.72
375,Prince Rupert,CA,2022-08-05 03:10:40,54.3161,-130.3201,60.89,82,75,4.61
376,Sandakan,MY,2022-08-05 03:15:04,5.8402,118.1179,83.88,79,40,5.75
377,Goderich,CA,2022-08-05 03:15:04,43.7501,-81.7165,71.91,94,100,3.44
378,Qeshm,IR,2022-08-05 03:15:06,26.9581,56.2719,89.49,78,11,9.1
379,Langsa,ID,2022-08-05 03:15:06,4.4683,97.9683,85.51,64,85,0.63
380,Manokwari,ID,2022-08-05 03:15:07,-0.8667,134.0833,82.63,70,78,4.65
381,Sol-Iletsk,RU,2022-08-05 03:15:07,51.1631,54.9918,68.38,55,0,10.45
382,Kailua,US,2022-08-05 03:14:07,21.4022,-157.7394,84.18,78,6,4.0
383,Sanandaj,IR,2022-08-05 03:15:07,35.3144,46.9923,64.42,32,0,0.0
384,Kargasok,RU,2022-08-05 03:15:08,59.0556,80.8572,67.87,54,6,6.8
385,Maldonado,UY,2022-08-05 03:15:08,-34.6667,-54.9167,48.22,83,100,10.85
386,Xuddur,SO,2022-08-05 03:15:09,4.1213,43.8894,66.18,86,4,13.91
387,Chokurdakh,RU,2022-08-05 03:15:09,70.6333,147.9167,53.98,50,100,15.59
388,Leningradskiy,RU,2022-08-05 03:15:09,69.3833,178.4167,40.51,81,100,2.73
389,Farkhor,TJ,2022-08-05 03:15:10,37.4922,69.4036,86.99,16,0,2.08
390,Nerchinskiy Zavod,RU,2022-08-05 03:15:10,51.3088,119.61,70.83,59,63,14.2
391,Vogan,TG,2022-08-05 03:15:11,6.3333,1.5333,74.55,74,100,6.53
392,Eydhafushi,MV,2022-08-05 03:15:11,5.1033,73.0708,81.16,80,100,18.63
393,Yaan,NG,2022-08-05 03:15:12,7.3833,8.5667,70.0,90,98,4.32
394,Pangody,RU,2022-08-05 03:15:12,65.85,74.4859,65.89,63,30,10.56
395,Ust-Kuyga,RU,2022-08-05 03:15:12,70.0167,135.6,59.11,41,70,1.81
396,Lagoa,PT,2022-08-05 03:15:13,39.05,-27.9833,73.99,84,0,3.58
397,Banfora,BF,2022-08-05 03:15:13,10.6333,-4.7667,72.27,97,100,3.56
398,Yar-Sale,RU,2022-08-05 03:15:14,66.8333,70.8333,61.61,67,4,6.06
399,Puqi,CN,2022-08-05 03:15:14,29.7167,113.8833,95.02,49,14,5.1
400,Niort,FR,2022-08-05 03:15:14,46.3333,-0.3333,61.07,90,98,8.25
401,Tirano,IT,2022-08-05 03:15:15,46.2154,10.1679,75.4,88,0,3.06
402,Neuquen,AR,2022-08-05 03:15:15,-38.9516,-68.0591,37.29,70,0,3.44
403,Kindu,CD,2022-08-05 03:15:15,-2.95,25.95,68.16,66,6,1.9
404,Batagay,RU,2022-08-05 03:15:16,67.6333,134.6333,61.36,46,100,2.53
405,Christchurch,NZ,2022-08-05 03:11:20,-43.5333,172.6333,62.33,44,100,18.41
406,Mogadishu,SO,2022-08-05 03:15:16,2.0371,45.3438,75.52,77,4,16.75
407,Iberia,US,2022-08-05 03:15:17,29.9502,-91.7507,78.8,83,0,0.0
408,Tralee,IE,2022-08-05 03:15:17,52.2704,-9.7026,52.09,87,20,8.23
409,Santa Rosa De Osos,CO,2022-08-05 03:15:18,6.6474,-75.4603,50.2,97,64,1.07
410,Talnakh,RU,2022-08-05 03:15:18,69.4865,88.3972,67.21,53,100,6.89
411,Ostrovnoy,RU,2022-08-05 03:15:18,68.0531,39.5131,59.52,92,93,16.53
412,Rhyl,GB,2022-08-05 03:15:19,53.3196,-3.4886,58.03,90,100,9.13
413,Buchanan,LR,2022-08-05 03:15:19,5.8808,-10.0467,73.92,84,79,6.85
414,Altamira,BR,2022-08-05 03:15:20,-3.2033,-52.2064,73.44,84,49,2.01
415,Zhangye,CN,2022-08-05 03:16:20,38.9342,100.4517,87.73,35,3,2.13
416,Consolacion Del Sur,CU,2022-08-05 03:16:20,22.5047,-83.5136,75.52,82,1,3.83
417,Pangkalanbuun,ID,2022-08-05 03:16:21,-2.6833,111.6167,81.46,79,100,4.16
418,Torbay,CA,2022-08-05 03:11:41,47.6666,-52.7314,65.57,84,97,4.0
419,Benjamin Constant,BR,2022-08-05 03:16:21,-4.3831,-70.0311,75.33,98,98,1.3
420,Orbetello,IT,2022-08-05 03:16:21,42.4408,11.2196,77.0,44,0,9.22
421,Homer,US,2022-08-05 03:16:22,59.6425,-151.5483,58.89,88,100,3.0
422,Ilebo,CD,2022-08-05 03:16:22,-4.3167,20.5833,77.32,49,95,1.14
423,Kamenka,RU,2022-08-05 03:16:22,51.3223,42.7678,69.58,61,98,6.73
424,Talara,PE,2022-08-05 03:16:23,-4.5772,-81.2719,63.0,89,28,13.73
425,Hualmay,PE,2022-08-05 03:16:23,-11.0964,-77.6139,61.68,83,84,8.05
426,Agua Branca,BR,2022-08-05 03:16:24,-5.8922,-42.6361,68.58,89,47,3.98
427,Dedougou,BF,2022-08-05 03:16:24,12.4667,-3.4667,71.01,91,97,8.66
428,Omboue,GA,2022-08-05 03:16:24,-1.5746,9.2618,71.02,83,79,8.66
429,Enid,US,2022-08-05 03:15:29,36.3956,-97.8784,86.31,65,0,12.66
430,Vestmannaeyjar,IS,2022-08-05 03:16:25,63.4427,-20.2734,49.21,76,40,12.95
431,Talavera De La Reina,ES,2022-08-05 03:16:25,39.9635,-4.8308,71.56,33,5,1.36
432,Dicabisagan,PH,2022-08-05 03:16:26,17.0818,122.4157,81.1,86,100,2.62
433,Nabire,ID,2022-08-05 03:16:26,-3.3667,135.4833,83.19,74,96,2.8
434,Meridian,US,2022-08-05 03:15:14,43.6121,-116.3915,94.05,32,0,3.44
435,Hovd,MN,2022-08-05 03:16:27,48.0056,91.6419,69.96,40,93,4.5
436,Bud,US,2022-08-05 03:16:27,39.447,-86.1758,75.15,95,64,5.32
437,Texarkana,US,2022-08-05 03:16:27,33.4251,-94.0477,84.42,76,0,5.75
438,Belyy,RU,2022-08-05 03:16:28,55.8402,32.9419,61.77,82,7,4.09
439,Gazli,UZ,2022-08-05 03:16:28,40.1333,63.45,86.83,24,0,10.36
440,Balykshi,KZ,2022-08-05 03:16:29,47.0667,51.8667,75.2,35,0,11.18
441,Yuancheng,CN,2022-08-05 03:16:29,36.652,107.7896,84.25,54,2,9.13
442,Lebedyn,UA,2022-08-05 03:16:29,50.5852,34.4849,61.97,95,11,7.05
443,Sawakin,SD,2022-08-05 03:16:30,19.1059,37.3321,89.67,61,24,2.35
444,Guerrero Negro,MX,2022-08-05 03:16:30,27.9769,-114.0611,70.75,84,0,17.76
445,Basoda,IN,2022-08-05 03:16:31,23.85,77.9333,81.66,75,100,2.1
446,Mareeba,AU,2022-08-05 03:16:31,-17.0,145.4333,83.44,62,64,5.55
447,Sapa,PH,2022-08-05 03:16:32,5.1544,120.3241,82.83,75,89,4.97
448,Tarakan,ID,2022-08-05 03:16:32,3.3,117.6333,80.46,78,100,6.67
449,Odweyne,SO,2022-08-05 03:16:32,9.4092,45.064,67.48,68,12,16.71
450,Iqaluit,CA,2022-08-05 03:16:33,63.7506,-68.5145,40.73,93,100,4.61
451,Sabang,ID,2022-08-05 03:16:33,5.8933,95.3214,82.38,73,100,15.97
452,Kaeo,NZ,2022-08-05 03:16:33,-35.1,173.7833,67.32,70,0,5.46
453,Puerto Baquerizo Moreno,EC,2022-08-05 03:16:34,-0.9,-89.6,69.04,76,53,7.45
454,The Pas,CA,2022-08-05 03:15:15,53.8251,-101.2541,62.62,82,100,13.8
455,Taoudenni,ML,2022-08-05 03:16:34,22.6783,-3.9836,95.83,24,4,3.85
456,Pokhara,NP,2022-08-05 03:16:35,28.2333,83.9833,75.33,89,98,1.05
457,Glendive,US,2022-08-05 03:16:35,47.1053,-104.7125,88.48,27,0,9.22
458,Marawi,PH,2022-08-05 03:16:35,7.9986,124.2928,73.56,87,100,2.21
459,Arlit,NE,2022-08-05 03:17:36,18.7369,7.3853,88.23,44,17,7.54
460,Leua,SK,2022-08-05 03:17:36,48.2156,18.6071,70.5,48,0,6.42
461,Markova,UA,2022-08-05 03:17:36,48.6758,24.4138,59.58,86,0,3.4
462,Dawlatabad,AF,2022-08-05 03:17:37,36.4141,64.9053,82.62,21,0,2.91
463,Pisco,PE,2022-08-05 03:17:37,-13.7,-76.2167,59.05,82,100,3.44
464,Vila Do Maio,CV,2022-08-05 03:17:38,15.1333,-23.2167,77.79,80,100,6.38
465,Pangoa,PE,2022-08-05 03:17:38,-12.1167,-73.0,65.89,99,36,2.98
466,Plettenberg Bay,ZA,2022-08-05 03:17:38,-34.0527,23.3716,54.25,88,17,0.65
467,Champerico,GT,2022-08-05 03:17:39,14.3,-91.9167,78.64,79,100,3.36
468,Pajapan,MX,2022-08-05 03:17:39,18.25,-94.7,76.03,89,2,5.84
469,Haimen,CN,2022-08-05 03:17:39,23.1935,116.6142,84.09,78,95,9.51
470,Severnoye,RU,2022-08-05 03:17:40,56.3491,78.3619,65.91,61,13,4.5
471,Yumen,CN,2022-08-05 03:17:40,40.2833,97.2,84.34,20,95,10.65
472,Puerto Lleras,CO,2022-08-05 03:15:23,3.0223,-73.4044,71.53,98,72,1.32
473,Araguaina,BR,2022-08-05 03:17:41,-7.1911,-48.2072,79.75,43,65,3.76
474,Tateyama,JP,2022-08-05 03:17:41,34.9833,139.8667,81.1,74,100,9.66
475,Aasiaat,GL,2022-08-05 03:17:42,68.7098,-52.8699,39.97,97,100,4.97
476,Primero De Enero,CU,2022-08-05 03:17:42,21.9469,-78.4283,74.95,89,54,6.33
477,Codrington,AU,2022-08-05 03:17:43,-38.2667,141.9667,56.35,67,96,12.3
478,Mackay,AU,2022-08-05 03:17:43,-21.15,149.2,83.68,80,9,7.83
479,Kalaleh,IR,2022-08-05 03:17:43,37.3807,55.4916,80.2,74,0,4.61
480,Abha,SA,2022-08-05 03:17:43,18.2164,42.5053,59.25,94,40,4.61
481,Cayenne,GF,2022-08-05 03:17:44,4.9333,-52.3333,81.09,1,0,0.0
482,Zhaodong,CN,2022-08-05 03:17:44,46.0833,125.9833,81.59,60,36,16.91
483,Aklavik,CA,2022-08-05 03:17:44,68.2191,-135.0107,75.78,37,75,5.66
484,Evanston,US,2022-08-05 03:17:45,42.0411,-87.6901,74.1,85,75,8.05
485,Cassia,BR,2022-08-05 03:17:45,-20.5831,-46.9219,65.98,47,100,2.04
486,Alekseyevsk,RU,2022-08-05 03:17:46,57.8406,108.3492,63.63,56,75,4.85
487,Ixtapa,MX,2022-08-05 03:17:46,20.7,-105.2,85.23,79,100,6.91
488,Nelson Bay,AU,2022-08-05 03:17:46,-32.7167,152.15,68.0,97,100,1.99
489,Tilichiki,RU,2022-08-05 03:17:47,60.4667,166.1,54.55,85,100,11.61
490,Itarema,BR,2022-08-05 03:17:47,-2.9248,-39.9167,75.51,87,1,10.2
491,Boguchany,RU,2022-08-05 03:17:48,58.3814,97.4531,54.54,94,99,4.05
492,Aqtobe,KZ,2022-08-05 03:17:48,50.2797,57.2072,68.09,49,0,6.71
493,Ornskoldsvik,SE,2022-08-05 03:17:48,63.2909,18.7153,58.15,100,75,3.44
494,Tripoli,LY,2022-08-05 03:17:49,32.8752,13.1875,80.02,66,30,12.75
495,Akyab,MM,2022-08-05 03:17:49,20.15,92.9,82.94,82,99,16.42
496,Carauari,BR,2022-08-05 03:17:49,-4.8828,-66.8958,73.83,96,75,1.52
497,Meadow Lake,US,2022-08-05 03:17:50,34.8014,-106.5436,83.68,50,99,9.91
498,Rocha,UY,2022-08-05 03:17:50,-34.4833,-54.3333,48.25,89,100,12.64
499,Fare,PF,2022-08-05 03:17:51,-16.7,-151.0167,77.85,76,12,24.49
500,Sobolevo,RU,2022-08-05 03:17:51,54.4299,31.8996,61.72,93,11,6.38
501,Launceston,AU,2022-08-05 03:15:01,-41.45,147.1667,55.35,88,75,21.85
502,Dingle,PH,2022-08-05 03:17:51,10.9995,122.6711,78.3,88,100,1.59
503,Poya,NC,2022-08-05 03:17:52,-21.35,165.15,76.93,77,62,6.24
504,Pecos,US,2022-08-05 03:15:45,31.4229,-103.4932,95.31,27,0,10.36
505,Nhulunbuy,AU,2022-08-05 03:18:10,-12.2333,136.7667,86.61,62,75,12.66
506,Polovinnoye,RU,2022-08-05 03:18:52,54.7914,65.9864,66.94,72,9,5.32
507,Korla,CN,2022-08-05 03:18:53,41.7597,86.1469,89.06,27,12,4.65
508,Aykhal,RU,2022-08-05 03:18:53,66.0,111.5,43.52,91,100,9.46
509,Zhoucheng,CN,2022-08-05 03:18:53,35.9122,116.3117,92.97,64,1,10.76
510,Fort Nelson,CA,2022-08-05 03:13:54,58.8053,-122.7002,61.14,58,98,3.2
511,Vigrestad,NO,2022-08-05 03:18:54,58.5667,5.7,53.58,79,35,10.98
512,Baghdad,IQ,2022-08-05 03:14:51,33.3406,44.4009,98.11,18,1,10.36
513,Nazarovo,RU,2022-08-05 03:18:54,56.0064,90.3914,57.63,58,27,8.57
514,Moba,CN,2022-08-05 03:18:55,33.2288,105.0179,73.36,72,90,3.33
515,Lardos,GR,2022-08-05 03:18:55,36.0942,28.0157,76.82,80,0,10.31
516,Garowe,SO,2022-08-05 03:18:55,8.4054,48.4845,72.82,65,1,24.7
517,Popondetta,PG,2022-08-05 03:18:56,-8.7537,148.2534,91.44,46,8,7.74
518,Sanica,BA,2022-08-05 03:18:56,44.6142,16.6411,67.93,59,0,3.62
519,Tabou,CI,2022-08-05 03:18:57,4.423,-7.3528,73.29,80,58,5.59
520,Portachuelo,BO,2022-08-05 03:18:57,-17.35,-63.4,72.5,49,98,11.83
521,Vestmanna,FO,2022-08-05 03:18:58,62.1564,-7.1664,45.52,87,100,8.05
522,Maua,BR,2022-08-05 03:18:58,-23.6678,-46.4614,74.75,45,1,7.99
523,Walvis Bay,NA,2022-08-05 03:18:58,-22.9575,14.5053,53.1,100,7,2.3
524,Chauk,MM,2022-08-05 03:18:59,20.8833,94.8167,83.62,70,99,13.15
525,Kontagora,NG,2022-08-05 03:18:59,10.3999,5.4695,69.33,97,53,4.12
526,Anito,PH,2022-08-05 03:19:00,12.4497,125.2886,78.76,89,100,4.29
527,Clyde River,CA,2022-08-05 03:19:00,70.4692,-68.5914,41.23,93,100,8.05
528,Hami,CN,2022-08-05 03:19:00,42.8,93.45,93.31,20,100,10.56
529,Tiznit,MA,2022-08-05 03:19:01,29.5833,-9.5,81.43,27,48,0.96
530,Rehoboth,NA,2022-08-05 03:19:01,-23.3167,17.0833,46.13,23,4,2.15
531,Eirunepe,BR,2022-08-05 03:19:02,-6.6603,-69.8736,73.94,94,100,1.59
532,Swan River,CA,2022-08-05 03:19:02,52.1058,-101.2676,67.89,88,100,11.5
533,Kirakira,SB,2022-08-05 03:19:03,-10.4544,161.9205,83.73,73,22,9.35
534,Taquari,BR,2022-08-05 03:19:03,-29.7997,-51.8644,58.32,88,100,7.96
535,Kodinsk,RU,2022-08-05 03:19:03,58.6881,99.1844,55.29,89,100,2.08
536,Denpasar,ID,2022-08-05 03:19:04,-8.65,115.2167,80.26,78,40,6.91
537,Kipushi,CD,2022-08-05 03:19:04,-11.7667,27.2333,55.09,64,0,4.56
538,Gravdal,NO,2022-08-05 03:19:05,68.1214,13.5031,48.88,88,100,15.97
539,Regina,CA,2022-08-05 03:18:03,50.4501,-104.6178,78.78,52,75,21.85
540,Lufilufi,WS,2022-08-05 03:19:05,-13.8745,-171.5986,85.78,78,23,23.22
541,Acapulco,MX,2022-08-05 03:19:06,16.8634,-99.8901,84.02,74,75,0.0
542,Almeirim,BR,2022-08-05 03:17:46,-1.5233,-52.5817,75.33,82,5,3.98
543,Northam,GB,2022-08-05 03:19:06,51.0333,-4.2167,59.61,75,37,10.87
544,San Cristobal,VE,2022-08-05 03:19:06,7.7669,-72.225,71.78,88,42,2.08
545,Vaitape,PF,2022-08-05 03:19:07,-16.5167,-151.75,77.86,77,17,23.4
546,Shanghai,CN,2022-08-05 03:17:30,31.2222,121.4581,99.88,72,0,6.71
